FromNode,ToNode
74361,133747
74361,224643
36829,33486
24,109453
25,137632
25,207441
207441,25
207441,137632
137632,234054
95363,97623
205332,149844
205332,236437
232037,137690
161093,79433
161093,83598
161093,88679
88679,59084
88679,83598
88679,149932
258348,24890
121200,83828
121200,96567
121200,136516
104,82719
116126,82526
116126,137632
116126,159163
82526,116126
82526,137632
152131,60996
152131,216794
60996,152131
278297,249380
192830,6098
94374,8643
94374,32968
94374,60035
94374,95676
94374,105728
94374,108871
94374,133626
94374,168843
94374,241826
94374,242855
224841,101146
224841,231205
35176,137632
274973,130176
214377,130176
152431,130176
180887,23195
41104,23195
41104,180887
22596,23195
22596,180887
175,132110
132110,175
124303,152003
65222,50633
261469,137632
211,271776
271776,211
233,197034
197034,233
197034,186836
61980,45856
61980,151922
133615,211145
162765,145347
162765,173462
98783,72517
14344,145892
25167,14344
263,240220
196487,137632
196487,177816
179397,72203
72203,179397
7432,25000
7432,161439
230413,9168
230413,126672
230413,193892
126672,9168
126672,230413
9168,126672
9168,230413
117586,103862
259439,143037
143037,259439
12846,6886
12846,20283
12846,26083
12846,41275
12846,178606
20283,12846
20283,26083
20283,196106
26083,1657
26083,12846
26083,20283
26083,80902
26083,171197
26083,178606
26083,180406
26083,211702
26083,231532
204601,72597
204601,276721
72597,204601
176519,219120
345,231363
57607,14344
359,231363
83198,29211
246286,231363
126598,110102
140158,73798
38637,72094
38637,194455
33572,183669
267799,20191
87415,133729
29723,137632
119136,9397
9397,119136
264253,143037
264253,151161
264253,259439
151161,143037
151161,259439
151161,264253
154257,59633
154257,96567
230477,168573
168573,230477
72517,98783
489,166381
493,145347
493,173462
173462,145347
83790,62982
62982,63374
62982,83790
242284,925
925,242284
925,250713
506,223264
223264,506
178510,170722
101492,69209
69209,101492
277098,62384
277098,164206
277098,188613
164206,145892
197444,74526
197444,270771
74526,197444
74526,270771
100820,219673
80730,127634
37913,60463
37913,80730
60463,37913
60463,80730
60463,162646
246536,143037
246536,259439
239760,143037
239760,246536
239760,259439
43854,137632
626,137690
626,213696
213696,249380
213696,278297
24827,65759
23829,57937
39753,211003
733,272765
103714,66964
66964,103714
154808,54106
154808,115637
126181,169833
27979,31719
265296,65993
265296,137632
114754,79571
114754,103638
114754,137632
114754,169414
103638,137632
37403,137632
37403,265296
24656,239406
227979,48533
28435,50054
28435,100087
28435,173116
28435,266690
105714,85469
73733,166381
250713,925
250713,159247
250713,242284
107710,82060
75063,48718
75063,165574
75063,173751
75063,264344
2320,137632
200959,205440
205440,19726
164746,120117
164746,205440
86825,205440
68245,164746
68245,205440
974,24473
974,131090
131090,974
131090,24473
24473,974
24473,131090
93823,137632
987,5608
5608,987
1021,87922
87922,1021
233284,63383
63383,233284
182775,103534
103534,182775
5513,178131
5513,231363
257595,95507
24094,95507
212900,137632
137435,137632
34011,137632
124267,227979
224445,32994
224445,159199
159199,32994
159199,224445
32994,159199
32994,224445
68758,258348
91319,137632
273714,137632
6098,192830
16452,231363
219248,186319
242799,137632
207973,79433
166358,112797
103686,156128
211464,137632
16671,231363
101837,88679
101837,137690
101837,232037
19726,205440
1253,96567
200822,137690
1283,83427
76880,179903
151477,78160
151477,88679
151477,137690
107114,88679
107114,137690
66230,135169
87402,34862
193813,137632
193813,145510
163437,125255
41269,100093
109551,227094
215715,62359
215715,236674
83933,57800
192285,207892
50100,17425
281073,6546
281073,113898
113898,281073
64319,3177
64319,104439
64319,212163
130176,74361
1474,84270
26174,113509
29237,137632
64454,49106
88713,7049
198684,234322
11860,175691
78365,113673
1567,81224
149050,160735
160735,149050
275769,80757
80757,275769
1617,68137
68137,1617
68137,39957
68137,61962
68137,66616
68137,93023
68137,123160
68137,176254
68137,240013
68137,265962
68137,279274
120849,127700
70637,14344
70637,120849
1637,132784
1637,217553
1657,80902
259246,149690
26907,231363
258570,40600
258570,57937
258570,128368
128368,57937
128368,258570
40600,57937
40600,258570
1716,26964
26964,1716
165699,43575
149851,20761
149851,188833
64733,126990
160259,22876
118543,77963
118543,160259
1760,98385
98385,1760
253770,113673
183807,113673
183807,251389
183807,253770
4739,231363
90201,81240
90201,125752
90201,130922
90201,281360
128863,136763
1833,246157
246157,1833
261210,132859
132859,261210
77349,11838
159508,148250
159508,203032
242495,24682
242495,258348
1860,110102
1860,207568
207568,1860
207568,110102
101528,45585
1870,25773
25773,1870
1874,231363
146140,178578
194878,186155
1913,231363
16257,137632
1961,107217
107217,1961
88855,137632
66846,137632
136869,177288
136869,228444
184671,137632
2047,7305
2047,9427
2047,88631
2047,152512
2047,197559
2047,223575
9427,7305
7305,9427
164785,65477
164785,168069
164785,253115
168069,65477
168069,164785
168069,253115
65477,164785
65477,168069
65477,253115
4484,231363
55513,111352
207149,14455
211003,39753
211003,186388
211003,188470
18928,253115
102977,127897
2211,103686
2211,112797
2211,166358
98018,258348
47088,228319
104449,33012
104449,198684
33012,104449
33012,198684
210784,227979
263886,265041
259399,231363
152618,34918
152618,137632
34918,137632
34918,152618
46739,97166
2334,231363
237997,9856
237997,34222
237997,161908
161908,9856
161908,34222
161908,237997
9856,34222
9856,161908
9856,237997
34222,9856
34222,161908
34222,237997
82577,137632
150473,33270
150473,137632
228551,96051
96051,228551
23994,270771
132581,81903
281873,86643
281873,137632
86643,137632
145980,257733
38449,93069
38449,109575
2468,171169
171169,137917
135169,66230
250449,231993
231993,250449
175568,137632
138614,50122
50122,138614
8319,231363
171357,82526
171357,116126
171357,137632
163730,75159
26395,192651
26395,231429
26395,255138
269501,36829
269501,135543
258066,36829
218967,36829
242847,36829
242847,135543
171651,36829
135543,36829
135543,242847
135543,269501
127715,36829
123539,36829
101101,36829
85741,36829
64600,36829
64600,174213
22063,34591
22063,36829
5247,36829
2659,134069
134069,2659
2678,137831
2678,196944
8213,231363
2720,49624
49624,2720
49624,56364
8174,231363
175937,74142
175937,93936
175937,246194
175937,254541
2754,7432
2754,30280
30280,2754
30280,7432
2768,32994
2768,159199
2768,224445
112042,137690
267550,173462
251389,113673
64444,113673
273817,227979
115497,273817
183332,87601
87601,183332
2843,143037
2843,259439
205146,166381
22380,215204
36205,181803
37097,136139
37097,279957
258064,137632
2892,96946
217365,92666
221063,137632
209150,59151
139649,44360
139649,91836
220228,96567
136728,132647
136728,160291
136728,259249
136728,260151
3024,231363
3080,231363
275302,137632
275302,233000
233000,137632
233000,275302
192729,137632
192729,247686
246095,164515
185421,164515
249908,22164
165733,96567
133711,20260
216148,39641
233018,113508
127388,126067
127388,180568
280287,74267
280287,137632
280287,193899
280287,262762
100916,137632
7660,231363
3321,241224
179585,184068
184068,179585
3357,24116
24116,3357
141895,38461
141895,81258
141895,83427
3364,7577
7577,3364
264723,145347
264723,173462
98739,7538
98739,96416
96416,7538
96416,98739
7538,96416
7538,98739
204663,164740
254541,175937
225437,146869
3464,68295
207182,53438
53438,207182
58458,231363
3527,163661
140363,137632
90061,17414
90061,137632
17414,90061
17414,137632
140385,137632
14668,231363
120568,137632
204484,192679
3645,231363
3710,29361
29361,3710
24745,118934
154726,145540
138006,51445
138006,62029
138006,216275
258469,231363
165314,51939
165314,107965
165314,207330
152155,205332
253116,133442
253116,137632
133442,137632
3849,93471
79433,54778
79433,207973
59084,67014
266778,115965
266778,166667
3876,7060
7060,3876
221122,96567
3952,231363
264857,64379
264857,137632
226952,182979
182979,226952
117824,72293
117824,138629
250482,94374
5728,5305
5728,96567
5728,174645
5728,184259
166931,137632
145403,113673
90043,113673
51988,113673
196635,113673
196635,161144
73276,137632
73276,232025
116349,113673
4128,23328
23328,4128
69830,94275
239505,37338
239505,59854
239505,270771
37338,59854
37338,239505
37338,270771
59854,37338
59854,239505
59854,270771
6742,231363
228449,7522
228449,110893
7522,110893
7522,228449
243871,33572
258063,231363
258063,263876
111978,252792
182115,177158
275826,137632
4225,275851
275851,4225
275851,90506
275851,94649
275851,96200
275851,166450
275851,198917
4229,104344
104344,4229
6642,84270
251404,137632
233568,191995
38640,233568
185074,254798
27820,254798
281217,68384
238270,68384
8644,7432
8644,15301
15301,7432
15301,8644
22135,123584
4372,174604
174604,20841
4400,137632
181438,137632
51874,205332
281685,137632
281685,261430
204149,37913
204149,60463
204149,80730
195717,37913
195717,60463
195717,80730
94063,37913
94063,60463
94063,80730
169414,137632
258123,137632
164792,87834
87834,164792
81743,137632
161144,113673
161144,196635
205396,100849
205396,189899
205396,261009
205396,276551
65993,137632
165143,137632
4741,111686
249380,278297
70765,48533
14050,137632
11424,231363
118889,45585
25895,137632
227882,54703
227882,137632
54703,137632
54703,227882
149932,214207
5019,142038
142038,5019
152003,124303
226783,137632
226783,182175
182175,137632
182175,226783
139685,133087
139685,135039
139685,257726
89967,133087
89967,135039
89967,257726
206178,137632
5102,62250
5102,251819
251819,5102
251819,62250
62250,5102
62250,251819
10058,175937
20050,138375
265504,137632
159163,82526
159163,116126
159163,137632
159163,206817
172602,82526
172602,116126
172602,137632
262667,222914
222914,262667
143028,142938
142938,143028
46770,210995
18215,232264
139921,198684
139921,224038
5305,96567
5305,240586
240586,96567
27869,137632
34213,137632
92217,38350
38350,92217
125331,161813
125331,166379
76522,161813
76522,166379
100057,232379
155313,79343
194656,159247
26381,133288
192535,258348
279382,137632
178131,231363
266093,137632
110493,94083
110493,137632
110493,141541
21974,207206
63374,62982
65683,28184
183232,275851
56282,231363
275959,263365
5727,33572
184259,96567
174645,96567
99369,268312
18283,155987
202679,137632
30969,180468
241248,137632
218793,14237
218793,137632
218793,170600
191658,137632
191658,251263
250303,62732
250303,82820
250303,113673
250303,168205
250303,209022
250303,251389
138629,102190
138629,117824
266111,83427
196501,134140
186961,83427
156811,83427
169406,83427
130975,83427
47904,83427
155857,71023
208432,100601
100601,186351
248431,145883
180655,47789
180655,107215
180655,241906
125976,137632
112178,137632
112178,233648
89614,112178
89614,137632
89614,233648
209560,176236
6042,23074
6042,50105
6042,84270
50105,30170
50105,84270
23074,84270
6075,34918
6075,137632
6075,152618
234256,25582
122592,231363
12901,7432
36965,137632
6392,105877
244017,165559
165559,244017
114598,194557
13138,95363
13097,84270
213948,63589
80714,38284
38284,80714
6563,143037
6563,239760
6563,246536
6563,259439
52789,137632
213200,137632
213200,169414
6651,270771
164515,174748
86942,27428
204651,72182
72182,204651
150192,9168
150192,126672
150192,230413
6806,218234
197703,165075
165075,197703
6854,8250
6877,130100
6886,41275
97342,80911
97342,137632
65540,35176
65540,137632
53441,231363
6938,69763
6938,278278
109833,137632
145260,137632
6994,272477
20761,149851
214642,16969
7122,258348
184057,205440
7169,137632
80911,137632
18164,249557
229113,17046
229113,29117
229113,34127
229113,225641
225641,17046
17046,225641
34127,17046
34127,29117
34127,225641
29117,17046
29117,34127
29117,225641
117083,22942
117083,196027
117083,250436
39864,42067
39864,227712
92202,59696
59696,92202
7308,166381
7317,143037
7317,259439
70861,7522
70861,110893
70861,228449
7395,14237
7395,137632
7395,218793
14237,137632
14237,170600
14237,218793
124860,51061
161439,7432
25000,7432
224741,45245
54017,231363
224793,96567
40497,137632
235115,137028
137028,235115
103187,57151
7561,133442
7561,137632
255599,26191
26191,255599
188833,65053
65053,83707
65053,188833
65053,199010
45987,83427
262480,136369
225435,205332
34258,231363
7788,72503
7788,138215
138215,7788
204404,87834
204404,164792
204404,167376
35508,112038
7828,172591
137417,137632
214319,45585
91862,137632
41960,137632
41960,196487
61962,68137
231923,236820
236820,231923
148776,144674
144674,148776
74142,175937
151922,61980
19449,70264
206829,188166
131456,10391
131456,30328
131456,44808
131456,87408
87408,10391
87408,30328
87408,44808
87408,131456
44808,10391
44808,30328
44808,87408
44808,131456
30328,10391
30328,44808
30328,87408
30328,131456
10391,30328
10391,44808
10391,87408
10391,131456
143649,184258
278192,14344
197980,181840
276198,45471
276198,74594
276198,133872
276198,213235
133872,45471
133872,74594
133872,276198
74594,37546
74594,45471
74594,133872
74594,276198
45471,74594
45471,133872
45471,276198
191314,137632
191314,184671
8248,270771
120080,116247
19290,169890
10487,231363
113641,131123
140017,253151
140017,279902
8368,236666
244887,137632
8432,224643
151924,137632
151924,145260
10777,95363
267873,204493
198659,54091
198659,264461
10857,231363
52392,11697
52392,45585
52392,125961
11697,45585
11697,52392
187530,145347
187530,173462
232353,34027
34027,232353
274750,83974
83974,274750
8626,137690
8643,94374
281013,88679
281013,137690
281013,232037
65981,137690
65981,200822
65981,232037
53182,4371
53182,88679
53182,137690
53182,232037
94053,145347
8811,128594
8811,180983
180983,8811
180983,128594
128594,8811
128594,180983
80465,24688
80465,57856
80465,109833
80465,137632
80465,244887
57856,24688
57856,80465
57856,109833
57856,137435
57856,137632
24688,57856
24688,80465
24688,109833
24688,137632
31612,88679
31612,137690
31612,232037
31573,61173
100941,253115
124262,94258
94258,124262
109889,48533
109889,79433
109889,85191
109889,180252
54623,9300
54623,128700
15113,231363
45861,166381
9177,96567
9203,143037
9203,259439
9233,232264
33838,115964
278376,195129
9341,178578
14651,231363
9467,258348
87207,62507
87207,137632
68880,137632
213255,33012
213255,198684
9597,25895
9597,137632
230847,14153
19786,137632
19786,277934
263876,231363
263876,258063
197607,137632
105271,95638
105271,240827
105271,245500
9719,18813
9719,231363
18813,9719
18813,231363
14384,65232
14384,231363
9748,17046
9748,225641
9774,113673
80510,258089
80887,57937
9868,231363
16036,137632
9889,35530
9902,2112
264461,68323
68323,264461
157198,155987
172139,96567
176938,137632
10037,95363
269172,191851
191851,269172
15227,90232
203728,137632
182611,232264
149657,166381
10174,122954
10193,231363
10261,146767
146767,10261
164268,258348
272805,130331
272805,148804
148804,272805
14908,54106
14908,191766
269716,137632
26765,54829
26765,57630
26765,120188
26765,258348
10462,237604
237604,10462
257880,137632
45856,61980
107965,165314
107965,245018
234054,137632
115965,266778
250534,227979
250534,239341
67513,227979
10567,55739
55739,10567
172838,96567
276720,63914
276720,273315
273315,63914
273315,276720
63914,273315
63914,276720
13422,231363
266023,205440
265978,205440
247406,205440
218414,205440
180975,148093
180975,205440
168771,205440
120117,164746
120117,200959
120117,205440
94744,129058
94744,200959
94744,205440
69649,164746
69649,205440
63195,205440
13912,205440
44215,80988
44215,94091
44215,212072
202499,150315
204983,137632
204983,150555
34801,137632
229608,55229
13282,231363
253151,279902
231204,249130
179700,249130
50796,249130
10880,145347
10929,137690
10929,200822
10929,232037
275363,161901
275363,210496
272984,47401
272984,76589
47401,272984
11058,272765
236953,231749
231749,236953
107806,231363
17397,231363
242553,91164
84320,112042
84320,137690
84320,145329
84320,200822
11244,143037
11244,259439
11253,231363
161901,210496
17296,63500
254134,41331
41331,254134
13394,17046
13394,225641
186836,91140
246017,23528
229468,217643
122871,199036
122871,233532
247893,198523
247893,205057
205057,198523
205057,247893
198523,205057
198523,247893
252846,22125
242037,22125
242037,245018
189305,61915
207330,165314
63386,207330
61915,245018
31585,126990
62507,14237
62507,48867
62507,137632
48867,137632
11522,236516
236516,212088
90232,263140
11560,231817
66905,89168
236145,137632
268372,96567
95033,96567
103962,165699
130650,143037
130650,259439
154496,71976
11766,258348
175067,211480
250273,231363
190113,137632
125820,45585
125820,155857
175691,11860
11892,193203
193203,11892
189749,137632
219540,149432
188116,267952
188083,175864
175864,62716
175864,188083
77322,62716
77322,175864
77322,188083
62716,175864
62716,188083
83049,8628
88636,30572
144672,137632
12017,66996
12017,231363
66996,12017
66996,231363
12056,67531
67531,12056
128393,57937
128393,156184
59949,33113
272478,45585
255346,45585
12119,258348
225978,22192
234153,249256
12176,249130
12181,64114
12197,925
12197,104611
12197,242284
104611,925
104611,12197
104611,242284
186319,219248
184078,76080
184078,137632
76080,137632
76080,184078
98058,165699
98058,213579
272249,145347
239953,110102
12392,101146
135736,22523
135736,152300
135736,215555
144545,137632
12452,30201
30201,83427
94719,137632
211400,36205
211400,37097
99880,36205
99880,37097
32587,178510
220331,180013
180013,220331
251062,178864
251062,182940
216696,126367
74573,137632
236575,130107
236575,145347
130107,145347
130107,236575
264469,105930
127765,138695
138695,127765
12782,188200
188200,12782
160606,143037
160606,259439
113272,165699
152768,110102
106736,137632
191766,14908
191766,54106
74160,137632
127301,251469
15518,95363
219588,57856
219588,137435
219588,137632
147455,57856
147455,137632
147455,219588
12978,4756
94201,16478
94201,137632
13027,9597
13027,25895
13027,137632
13027,167164
167164,137632
142606,136369
63757,178578
32252,101424
113552,148176
13165,83427
222991,65783
222991,166381
65783,166381
65783,222991
13203,178578
13203,197520
197520,13203
197520,232264
183991,53508
183991,124397
166608,220597
13275,260151
260151,13275
260151,136728
13319,258348
13332,251335
251335,13332
237109,86726
212072,85191
13344,89203
13352,145347
260403,112038
64487,70140
202980,231363
193263,137632
13532,101146
91494,137632
131501,137632
222203,57607
222203,137690
243674,137632
13656,270771
180441,97384
97384,180441
13712,60774
60774,13712
60774,94374
13715,88679
13715,137690
13715,161093
13715,232037
22942,39706
22942,271426
13837,227698
13839,57937
13890,217643
217643,13890
13899,92337
92337,13899
13956,137690
13956,200822
13956,232037
29157,226297
179218,137632
24689,137632
117241,65053
117241,83707
117241,188833
229287,137632
237731,137632
107276,103201
170420,36829
14029,83427
171187,213785
249187,77396
127773,54091
54091,127773
54091,264461
213579,165699
119710,72503
276260,19133
276260,81117
14185,258348
170600,137632
23033,231363
236631,27149
236631,119168
236631,169833
119168,27149
119168,169833
119168,236631
27149,119168
27149,169833
27149,236631
59758,210740
281577,243508
14357,137632
65232,14384
65232,231363
14386,143037
14386,259439
80066,145347
272911,101146
272911,224841
105987,101146
105987,224841
14402,129758
147627,63893
147627,117528
147627,182168
213925,110102
87665,8881
87665,18128
87665,81631
87665,162294
59087,8881
59087,18128
59087,81631
59087,162294
34605,8881
34605,18128
34605,81631
34605,162294
64379,137632
14497,143649
189697,137632
48546,137632
48546,180365
142469,137632
14606,54106
14618,146027
169530,227138
233319,23683
233319,158886
158886,23683
158886,233319
23683,158886
23683,233319
14630,137632
155980,30847
155980,254989
144519,137632
262762,74267
262762,137632
262762,193899
262762,280287
193899,74267
193899,137632
193899,262762
193899,280287
76864,74267
76864,137632
74267,137632
225937,137632
225937,147574
193801,34011
193801,137632
193801,147574
193801,225937
147574,137632
147574,193801
147574,225937
112980,231363
102102,142724
14781,276631
14783,59769
59769,14783
160886,137632
14874,130208
14874,281577
130208,30572
130208,281577
257485,111740
246461,111740
274628,137632
254048,18566
18566,254048
14979,83427
15005,101146
15010,145892
15010,164206
168350,96567
168350,139005
112357,204563
53519,6748
53519,82595
53519,258515
15138,113673
15163,195619
15163,219787
219787,15163
219787,195619
195619,15163
195619,219787
246248,213957
246248,258788
15193,104700
15287,214463
15328,7522
15328,110893
15328,228100
15328,228449
228100,7522
228100,110893
228100,228449
50733,178578
92142,95553
95553,92142
15456,258348
79571,47805
79571,137632
79571,169414
126156,137632
114723,117824
238008,82258
238008,263341
249379,137690
269735,110102
124682,14190
170846,143037
170846,259439
109429,85123
85123,109429
15754,258348
267584,205332
20206,205332
20206,225435
257733,145980
249996,171344
239328,228161
15918,178510
72293,117824
123040,265745
95968,87313
68384,30617
68384,54437
68384,112588
68384,238270
68384,281217
44521,236666
16068,54942
50905,236666
59068,39204
169702,143037
169702,151161
169702,259439
169702,264253
157881,49912
49912,157881
16260,137632
133288,26381
262812,70264
190077,62507
190077,137632
77397,27181
77397,44462
77397,64548
77397,137632
77397,190077
18127,168431
25924,168431
122732,176519
52416,110102
52416,182893
16478,137632
164880,159262
159262,164880
87031,8628
47456,137632
159352,175152
201682,261771
16639,233368
16656,63893
257726,133087
133087,257726
16752,211411
57800,83933
47063,241224
16878,28480
28480,16878
260674,69209
260674,101492
127987,69209
127987,101492
188277,202511
202511,188277
28264,188277
28264,202511
142140,182082
142140,251107
134140,196501
51851,153533
86294,124267
86294,227979
16975,214463
128461,109123
113869,109379
109379,113869
17021,20055
17021,85536
179835,113673
179835,238860
149526,113673
202063,137632
111511,95363
53064,102837
189888,96637
96637,189888
17158,264657
264657,17158
28124,134619
17203,159424
159424,17203
17227,27949
27949,17227
210345,137632
196843,137632
17265,48324
48324,17265
17266,137632
63500,17296
244711,187630
227381,52789
227381,127917
227381,137632
127917,137632
127917,227381
215204,22380
44008,16257
44008,67163
44008,137632
17498,258348
268312,219046
268312,275484
186723,137632
186723,159139
159139,137632
159139,186723
109132,45170
177501,109025
177501,124267
177501,227979
109025,124267
109025,177501
109025,227979
22678,124267
22678,227979
64106,232264
233648,137632
96842,176519
17763,258348
154059,1679
154059,15410
69665,88679
69665,137690
69665,161093
69665,200822
69665,232037
23970,30732
73864,166381
17975,137632
17975,236145
23929,30628
23929,231363
18017,23877
23877,18017
25960,205332
18035,55701
18035,137632
18035,142469
55701,18035
55701,137632
87213,137632
87213,262762
161805,6806
161805,218234
210750,253132
249557,18164
18171,92198
92198,18171
18194,137632
18194,207326
207326,18194
207326,137632
18324,19786
18324,137632
148250,159508
148250,203032
48047,67795
48047,130100
243508,281577
153137,224003
171334,41594
171334,62445
18448,9168
18448,126672
18448,230413
45245,224741
119587,6181
258940,143037
258940,259439
272130,143037
272130,259439
166593,143037
166593,259439
103496,143037
103496,259439
234322,198684
205887,137632
34217,231363
23240,231363
91140,186836
171321,232264
18707,95363
131284,33012
131284,104449
131284,198684
18719,214743
18719,222459
189225,272477
237009,143037
237009,158489
237009,240236
237009,259439
18758,236666
244496,57937
255100,145347
46158,118410
46158,171345
201748,137632
201748,189851
201748,211464
189851,137632
189851,201748
189851,211464
18895,231363
44619,137632
229838,145347
229838,173462
19039,57937
42493,75319
255469,232339
232339,255469
19050,34636
19050,231363
34636,19050
34636,231363
181614,64731
64731,181614
19056,231363
151767,93751
93751,151767
19133,81117
81117,19133
151443,252619
216293,172225
172225,216293
169890,19290
234008,124807
56364,49624
183637,141706
34980,231363
181840,197980
22465,231363
70264,19449
140131,255361
188166,206829
19561,231363
19589,243253
22357,231363
127788,60078
127788,62892
127788,100973
127788,172666
127788,269856
127788,276402
22274,182115
35145,231363
28854,200459
19776,72597
19776,204601
233689,167376
277934,19786
277934,137632
236437,205332
191108,137632
22062,84270
277466,272990
244132,272990
181380,272990
169048,272990
109434,272990
107430,186836
48943,186836
19984,137632
127271,45585
20027,110102
138375,20050
242812,21155
242812,26281
20134,95363
40302,231363
20191,267799
20199,269959
26117,71698
20260,133711
20267,241176
241176,20267
26048,84270
25954,28212
25954,169984
20438,226460
226460,151443
31719,27979
186627,117824
20614,85191
280492,178882
34090,178882
91595,96567
25647,231363
20693,19786
20693,137632
25117,178578
219713,227680
227680,219713
25600,95363
20756,31964
31964,20756
255461,238073
238073,255461
72171,86618
20855,925
20855,242284
25487,7432
20891,258348
116712,72597
116712,204601
244611,137632
258487,127391
153035,137632
21074,259439
166943,137632
78799,145347
224194,157717
157717,224194
98052,127368
21155,242812
21276,102618
102618,21276
21285,25070
25070,21285
21309,54725
249787,47830
115866,280406
21367,7113
21385,231363
228626,213105
213105,228626
275484,268312
24864,231363
201823,96567
78007,96567
239811,166381
21497,205440
39317,8405
21534,231363
32981,137632
21627,76521
217335,175126
175126,217335
29725,73303
72263,94374
72263,96400
193220,65053
193220,188833
116703,137632
21901,270771
198971,279329
44047,145347
207206,21974
194693,24253
194693,172043
24253,194693
34591,36829
223272,220776
43851,37877
37843,68624
22167,45087
22167,231514
22167,270771
25682,48533
25682,70765
29052,231363
251225,227979
128884,108734
164402,112317
164402,171074
112317,164402
112317,171074
238630,148804
238630,272805
80178,137632
171621,94096
22501,137690
22501,145329
22501,187821
22501,200822
22523,135736
22590,59870
22590,137632
59870,22590
59870,137632
48768,278804
22749,137632
245785,211062
211062,245785
175775,137632
27144,137632
27144,159139
22921,88679
22921,137690
22921,145329
22921,187821
22921,200822
22921,232037
22993,77776
22993,209308
22993,235105
80105,178382
209610,182960
58072,182960
23039,199036
23039,233532
233532,23039
199036,23039
48181,96567
259008,16772
126126,16772
29870,167641
100654,17046
43575,165699
239309,253115
124630,205332
34271,124630
271802,73861
23299,120849
272481,212517
212517,272481
67163,16257
67163,44008
67163,137632
23413,14344
23413,120849
168401,13421
149844,205332
269522,7561
269522,133442
269522,137632
206897,133599
133599,206897
242299,187754
187754,47789
187754,242299
83707,65053
83707,117241
83707,188833
245338,77209
245338,231363
23647,137632
130385,79433
262647,145347
109181,231363
23741,137632
265248,96567
23798,246248
51445,62029
51445,138006
183837,137632
182168,63893
182168,147627
228877,110384
228877,210591
254331,76891
254331,128194
128194,76891
76891,128194
76891,196597
63028,91319
63028,137632
30628,23929
30628,231363
192679,204484
27428,86942
168318,137632
281645,99144
281645,137632
99144,137632
99144,281645
30732,23970
206297,209496
209496,206297
30672,231363
24071,42068
24134,137632
24140,258348
106978,258348
59878,258348
24225,137632
24307,101146
24307,224841
24335,68295
24362,228641
24388,196565
24388,280868
24396,95201
95201,24396
174139,207795
218730,137632
214207,149932
240250,167376
281381,65053
281381,85778
281381,188833
281381,267780
219046,145347
219046,268312
24619,258348
262186,272966
266598,272966
272966,262186
272966,266598
239406,24656
24682,242495
24682,258348
253138,204110
204110,253138
35730,95363
152022,137632
152022,165143
24862,159247
24890,16180
24890,117824
24890,247931
51024,96567
213771,46042
213771,196404
42686,93823
42686,137632
42686,225044
42686,259276
41594,62445
41594,171334
90968,205440
25409,270771
212160,200830
206943,9168
206943,126672
206943,230413
25564,137632
25582,234256
209973,63948
204548,74820
255563,162893
255563,204191
215629,25745
215629,39506
215629,44428
215629,75270
215629,92546
215629,116261
215629,230188
274375,59477
274375,65201
76055,68778
59477,274375
126067,180568
73915,46864
25904,72742
72742,25904
197680,83427
155103,137632
115637,54106
115637,154808
28212,25954
28212,169984
216794,152131
128700,237556
26142,137632
26142,149339
149339,137632
171937,59813
59813,171937
113509,26174
238639,57607
238639,88679
238639,100960
238639,137690
238639,161093
238639,200822
156951,137690
156951,161093
156951,232037
45712,127897
26281,242812
26325,58418
26325,137632
58418,26325
58418,137632
28692,31037
116307,133955
133955,116307
118874,137632
171074,112317
171074,164402
148779,9866
148779,68186
148779,119667
148779,151121
148779,256730
26712,68295
241169,178578
123939,178578
120188,26765
120188,258348
54829,26765
54829,258348
57630,26765
57630,258348
104336,231363
228044,169662
116640,83427
116640,117824
27081,51470
51470,27081
154052,231363
27181,64548
27181,77397
27181,137632
27181,190077
64548,27181
64548,77397
64548,137632
64548,190077
213332,166381
171086,131641
131641,171086
270102,270753
270753,270102
27292,178578
197389,143037
197389,259439
27394,112944
27394,128227
27394,207099
139005,96567
139005,168350
263746,132784
263746,217553
27618,57937
47586,174908
128476,57937
27776,16093
159724,129904
129904,159724
208169,11105
31754,95363
224927,145347
27983,129922
27983,197399
27983,224547
27983,249144
249144,64724
172651,16969
256460,205332
28080,270771
110742,272477
134619,28124
52178,231363
28184,65683
109123,128461
91764,143037
91764,259439
126709,95968
190493,251102
65604,137632
65604,169414
28370,52515
52515,28370
266690,28435
173116,28435
100087,28435
50054,28435
239170,143037
239170,259439
230906,143037
230906,259439
52658,137632
53014,137632
28570,258348
151996,166381
250159,227979
28686,137632
31037,28692
28747,232264
79343,38799
28872,270771
75756,137632
190845,6511
200077,35225
35225,200077
28979,270771
212681,137632
212681,207326
33806,137632
147420,137632
147420,271581
237300,33012
237300,104449
237300,198684
131133,33012
131133,104449
131133,198684
29111,205332
29149,176491
226297,29157
188225,116086
29185,124801
124801,29185
29192,88679
29192,137690
29192,232037
237681,62507
237681,137632
29214,101146
29216,139722
139722,29216
29221,137632
29223,155987
29230,117824
146329,80465
146329,137632
148093,164746
148093,180975
148093,205440
207530,59729
59729,207530
29344,143037
29344,259439
79799,137632
79799,236145
49246,231363
181959,162401
162401,181959
131519,205332
175642,254798
164537,145347
92952,169833
170951,22777
170951,116972
116972,170951
63423,137632
29720,34438
34438,29720
73303,29725
171379,96567
171379,139230
139230,96567
139230,171379
159722,264859
29796,205440
34359,231363
44462,105233
44462,137632
260019,64924
260019,114591
260019,138627
260019,228225
260019,260341
260019,267323
236317,53310
236317,65842
236317,219129
220324,11855
220324,153166
220324,190696
220324,239277
220324,240412
220324,269254
221193,25017
221193,120586
221193,123630
221193,152794
221193,202659
221193,208723
221193,245140
181913,7305
181913,9427
181913,88631
181913,152512
181913,197559
181913,223575
149947,28380
149947,34250
149947,37398
149947,52847
149947,71924
149947,108593
149947,126478
149947,188728
165644,60910
165644,83898
33367,5967
33367,24539
33367,29461
33367,44254
33367,75085
33367,76310
33367,85771
33367,87093
33367,91421
33367,97233
33367,155720
33367,163937
33367,202048
33367,211929
33367,221932
33367,272447
34206,231363
34215,231363
30027,166871
232025,73276
232025,137632
212091,73792
73792,212091
73792,243533
34039,45182
33977,95363
30170,50105
30170,84270
30186,63893
30186,213129
213129,63893
30334,270771
238935,48533
215742,113673
255559,145347
30527,670
30527,93795
30527,226197
30564,173748
173748,30564
30617,68384
258394,211411
211404,169833
30837,137632
30837,251404
30865,137632
112715,91319
112715,137632
30921,270771
46498,231363
198322,137632
31062,270771
185966,57937
31108,137632
150555,137632
150555,195004
150555,204983
107324,62968
73898,254798
31216,155640
31216,186642
31261,137417
31261,137632
112588,68384
31295,272477
95601,101146
95601,224841
31304,48533
230784,148215
148215,230784
230357,219011
215897,221825
145255,34918
145255,137632
145255,152618
270038,265212
60156,233089
233959,130176
53882,130176
147062,249130
251263,137632
251263,191658
31753,101653
101653,31753
62809,59095
31781,239002
31781,249130
239002,31781
239002,249130
174320,101146
174320,224841
31789,1755
31789,42527
31799,33572
31815,109453
31853,113673
185102,258348
152027,258348
47182,231363
260655,89090
89090,260655
32096,137632
32096,193263
94734,112038
32179,137632
273419,126127
32328,137632
134631,110102
112787,96567
90716,213266
32482,145399
32482,229790
32561,137632
175964,249130
151345,96567
133835,31301
133835,199844
133835,240053
133835,265123
60829,241906
263674,143037
263674,259439
32848,198659
32968,72263
32968,94374
276806,49106
98729,251437
101926,7432
33177,103461
33270,137632
33270,150473
86838,75413
86838,187960
33324,68295
278681,258348
33406,117824
33486,36829
253703,34011
253703,137632
94096,9248
94096,242408
183669,33572
147886,30287
105146,231363
33811,88679
33811,137690
33863,137632
173423,65540
173423,125976
173423,137632
173423,180365
247686,137632
247686,192729
45182,34039
123808,281577
54509,267550
166745,49707
166745,137632
166745,153955
153955,49707
153955,137632
49707,137632
49707,153955
107286,154384
107286,245954
34491,199112
90506,198917
69705,166381
91003,102179
102179,91003
206817,137632
132819,169833
204555,101331
204555,201734
91198,83301
91198,231363
34948,87834
34948,164792
104787,231363
165221,9168
165221,85954
165221,126672
165221,230413
125316,231363
254308,249655
249655,254308
46063,231363
46048,231363
153571,34213
153571,137632
221847,137632
221847,177816
221847,196487
50806,231363
35526,272765
117645,120406
60357,142262
60357,145958
35601,32994
35601,159199
35601,224445
35606,231363
35636,173462
35653,231363
41692,66531
139947,178800
139947,184814
243715,52304
243715,178788
243715,179869
243715,277877
35867,231363
211130,204623
211130,231363
35894,63554
63554,35894
35918,33113
41445,276430
268594,137632
83667,231363
36027,96567
219189,113673
219189,238860
101255,56536
36303,231363
51655,156369
252053,233568
213322,205064
205064,213322
41005,67250
36424,205440
40967,231363
201059,137632
210583,205190
257470,137632
257470,200159
257470,211464
36591,202860
241958,18899
88576,87834
88576,164792
36730,272765
36732,110102
260545,34213
260545,137632
260545,153571
40624,231363
271319,258348
36853,111037
36934,227979
52203,231363
36998,146790
146790,36998
146790,163094
242437,35393
242437,127839
225970,220589
220589,225970
221553,281704
177952,281704
204481,101146
62175,231363
210520,198773
37193,101146
37259,258348
47690,137632
271168,247203
37385,143037
37385,259439
37417,258348
37450,270771
39957,68137
37551,241727
39825,231363
212236,2796
220129,272477
197172,272477
128751,201417
97480,145347
65659,137632
37816,95363
37846,160259
37877,43851
208723,202659
37985,258348
254912,2112
241745,2112
38049,231363
218278,137632
38207,243253
271316,137632
240236,143037
240236,158489
240236,259439
158489,143037
158489,240236
158489,259439
172092,57937
49145,231363
38359,278134
38430,83427
109575,38449
109575,93069
93069,38449
93069,109575
43334,231363
38461,83427
38461,141895
43304,69320
43304,231363
81194,231363
38536,208105
57985,139235
38614,253115
38631,171263
38653,96567
80553,32133
80553,264772
117011,119441
119441,117011
38900,219673
38930,227472
111920,231363
42788,231363
135558,132472
71354,144036
71354,183672
71354,198684
39185,170993
170993,39185
39204,59068
64437,231363
39272,27181
39272,137632
39272,144519
77565,137632
147071,72597
147071,204601
39439,205440
80582,231363
183643,258348
158660,67072
71648,67072
42144,84270
42127,107396
39641,216148
268892,17046
268892,225641
227712,59750
227712,143877
42067,59750
42067,143877
226468,73802
73802,226468
40055,137632
40087,124450
224543,138529
40286,68295
221822,137632
46763,231363
256618,249130
219682,249130
65201,274375
144963,232264
40455,270771
67580,231363
169732,96567
160478,267294
40506,76219
130640,137632
155364,155684
155364,170528
155364,241928
155364,281824
132425,12056
132425,56414
132425,67531
132425,220589
132425,225970
40850,270771
76723,92097
67250,41005
108026,60846
184983,200801
57151,103187
159727,203179
64798,16054
64798,197131
41253,133835
41253,154059
100093,41269
277980,238188
228010,238188
155626,238188
149889,238188
173193,238188
70617,238188
91723,77241
91723,238188
77241,91723
77241,238188
104069,7395
104069,126156
104069,137632
41554,258348
62445,236666
232156,103872
66531,41692
41728,258348
49500,231363
268361,258348
48365,231363
52304,243715
123322,90672
136571,88729
142924,166880
117102,220835
263699,113673
68631,184073
107396,42127
44810,148093
44810,205440
70419,231363
231374,137632
85205,83427
225991,69763
225991,278278
70078,231363
42483,96567
42486,137632
75319,42493
44567,231363
109056,92532
228564,103426
228564,137632
259276,93823
259276,137632
225044,137632
225044,150555
42744,112042
42744,137690
42744,232037
125016,114730
265135,85191
136763,128863
42989,258348
94164,200385
118213,46789
46789,118213
43295,143037
43295,259439
69320,43304
69320,231363
48232,114598
99009,145347
203249,231363
170783,148885
148885,170783
268946,7522
268946,110893
268946,228449
43435,270771
259616,36224
259616,259082
229643,88672
229643,259616
88672,36224
88672,259082
142286,253115
191862,115732
231060,9085
179247,9085
96471,137632
96471,218278
154783,84270
43853,258348
43859,78630
78630,43859
171344,249996
214947,57048
197686,57048
117029,57048
43916,84634
75379,145347
68659,95363
210620,130176
44026,253115
44164,237562
80988,44215
80988,94091
94091,35508
94091,44215
191829,281577
124659,137632
44300,258348
162135,219673
44377,92177
44377,137632
44377,236145
92177,137632
105233,44462
105233,137632
44489,231363
44568,137632
44568,237731
44662,160161
44662,182899
44662,271325
271325,160161
271325,182899
251664,267159
163094,146790
44854,139235
155024,5587
92614,137632
134133,137632
45113,6604
45125,101146
45125,224841
45153,231363
45205,258348
77169,26275
103537,26275
77811,133288
70360,26381
45358,258348
102024,83427
56098,83427
45508,36427
45508,72172
45511,137632
218597,173462
45713,9085
45751,83427
45933,145892
46042,213771
46069,32994
46069,159199
46069,224445
63163,258348
267687,231363
206958,143037
206958,259439
52729,16969
197628,72559
68357,184445
193484,101146
202546,178293
148768,111400
224319,925
224319,242284
229877,14344
210995,46770
46817,213225
61720,19498
109561,112042
109561,137690
109561,145329
109561,232037
172736,145958
235223,62384
47010,51061
228319,47088
47091,231363
193892,9168
193892,126672
193892,230413
47145,157288
157288,47145
51866,258348
47251,88679
47251,137690
47251,200822
47251,232037
156324,137632
156324,190113
47281,145892
47303,68295
47626,402
47626,126836
47626,136207
47626,228288
124194,258348
79773,258348
51713,231363
51602,182115
174908,47586
270191,88679
270191,112042
270191,137690
270191,232037
235342,137632
75894,10502
55876,231363
47805,79571
47805,137632
47887,32994
47887,159199
47887,224445
277877,243715
204550,272477
67795,48047
67795,130100
51111,61422
51111,231363
88991,104608
104608,88991
48174,231363
48211,111424
111424,48211
99476,83427
274433,59096
125139,118440
218679,258348
129717,137632
277579,145958
48334,149474
48351,137632
48458,167641
180365,48546
180365,137632
244914,47690
244914,137632
78628,231363
52985,128695
48707,270771
48718,75063
261430,137632
261430,281685
48873,195485
48873,238516
48873,275130
89400,231363
248250,137632
272940,231363
276845,261499
190100,113673
49106,64454
49106,276806
232080,208065
210837,208065
138109,208065
233396,137632
166837,113673
49443,84699
170896,223994
205070,101146
100544,47401
100544,272984
59070,47401
59070,272984
192634,115064
102190,117824
102190,138629
50258,214034
214034,50258
50285,137632
50368,175937
221133,147874
50490,88679
50490,137690
50490,232037
50535,270771
183627,84219
50633,65222
120464,115874
115874,120464
162261,137632
61422,51111
61422,231363
142151,145347
51164,272765
77106,117159
233254,101146
94031,101146
220527,180601
180601,220527
62029,51445
62029,138006
223886,96567
156369,51655
51656,276631
248166,36196
248166,203184
152608,172625
153533,51851
51870,88679
51870,137690
51870,145329
51870,187821
51870,200822
51870,232037
51916,270771
73371,139669
73371,143037
73371,259439
191191,258348
142262,60357
52337,270771
125961,210870
191995,233568
182893,52416
182893,110102
210867,137632
59895,231363
147027,96567
126127,273419
99852,110102
198390,18928
198390,253115
52967,45987
52967,83427
128695,52985
53029,38645
53029,88679
53029,164206
53029,277098
114730,125016
181671,188372
131129,219046
131129,268312
131129,275484
74082,59260
74082,183502
74082,272249
80489,10880
80489,127745
80489,145347
80489,177245
197365,270771
271581,137632
276361,32994
276361,159199
276361,224445
260928,137632
274800,145347
274800,173462
82595,84079
183802,113673
53654,109453
163881,160225
160225,163881
58708,231363
53805,68295
53834,137632
144837,104375
144837,127761
144837,254357
53898,69321
69321,53898
155913,143037
155913,259439
53992,236666
109709,108785
141098,57937
58149,243711
208773,7432
54346,162319
162319,113552
54349,95363
54437,68384
162368,137690
162368,200822
162368,232037
73707,78160
73707,137690
73707,232037
54693,137632
54693,236145
70140,64487
70300,231363
54849,96567
57515,95363
122456,258348
55026,48533
55026,177421
177421,48533
177421,55026
65128,97166
55100,13076
55100,193567
55100,200324
55100,252391
55218,39791
55374,68295
146415,70602
146415,89481
146415,166040
146415,245756
87528,7924
87528,24798
87528,27016
87528,42980
87528,98375
87528,158430
87528,177236
87528,188813
87528,191950
87528,231618
87528,268303
87528,273413
79594,18627
79594,57056
79594,190635
79594,243555
79594,249012
55502,86421
111352,55513
66616,68137
55616,85052
55658,270102
55658,270753
55670,272765
66760,231363
55698,7432
66855,117159
55729,258348
55782,123500
123500,55782
55909,9168
55909,126672
55909,230413
152603,194586
109358,89032
109358,180573
109358,212069
213561,258348
56218,231363
56260,68295
56271,270771
60469,14344
60469,221650
56344,272765
173799,65683
173799,106942
106942,65683
106942,173799
227768,274843
166662,120724
166662,145897
216261,166381
279653,210784
88242,70843
88242,124010
187185,150600
235991,113673
251405,267159
56856,270771
56868,88679
56868,112042
56868,137690
56868,161093
56868,200822
56897,185630
56897,215378
56897,272190
182838,87672
175061,232264
68091,231363
57053,143037
57053,259439
225847,109263
109263,225847
188470,211003
97914,7432
57268,197399
191354,14344
191354,120849
191354,221650
183015,14344
126227,14344
106424,14344
106424,221650
138529,224543
150533,231363
57717,96567
57780,137632
64662,231363
57948,68295
131298,231363
58073,19786
58073,137632
243711,58149
58200,258348
98423,52612
58283,224358
58348,83427
248084,143037
248084,259439
116181,149432
204872,190279
58685,16649
164088,7621
164088,88636
264846,265257
230739,265257
135220,84270
58850,26438
58850,156031
156031,26438
241425,112797
81451,274601
59144,39791
59151,209150
279461,231363
126367,216696
121867,219044
166642,258348
59400,137690
59400,200822
59400,232037
177816,137632
177816,196487
61751,231363
229989,247326
70970,247326
105906,79433
59588,200582
200582,59588
108546,101146
59633,96567
59633,154257
59668,232264
257750,101146
214234,101146
59990,925
59990,242284
102962,231363
59998,59696
59998,92202
59998,126395
60035,94374
233089,60156
60369,236666
178341,172872
172872,178341
60445,101146
60591,270771
225181,231363
180805,110102
60691,258348
60703,62973
62973,60703
213436,186523
186523,213436
241906,107215
241906,180655
281139,117501
189364,36829
163702,117354
117354,163702
61149,925
61149,242284
96590,87429
63509,231363
269564,258348
265618,258348
185640,19812
187981,32248
61551,234008
61568,143925
143925,61568
63990,167641
64742,925
64742,242284
172625,152608
243533,73792
62091,145347
62123,45063
62171,83707
62171,117241
266952,14153
208307,83427
62661,19786
62661,137632
265190,164640
62732,113673
62732,250303
94761,3854
94761,10911
94761,29261
94761,90325
94761,122465
94761,134187
94761,156797
94761,161352
94761,180665
94761,198118
94761,198861
94761,202626
94761,208749
94761,249342
127866,178030
127866,185190
81344,84219
62892,127788
228006,272477
197984,258348
62968,171374
62968,210362
62968,277199
66944,231363
103488,205440
63539,169833
199717,231363
147347,83427
63692,255461
253405,231363
253405,255638
262317,72503
206736,125255
125255,163437
125255,206736
129980,152945
168767,145347
168767,173462
64160,155313
64222,231363
190518,275345
280649,158172
158172,280649
180568,126067
64467,231363
275410,214463
160233,214463
73508,214463
174213,36829
174213,64600
64720,19786
64720,137632
64746,143037
64746,239760
64746,246536
64746,259439
196232,9168
196232,126672
196232,230413
207760,9168
207760,126672
207760,230413
107727,250482
64843,32994
64843,159199
64843,224445
256198,200830
169049,253115
199010,65053
65083,127703
65083,173462
127703,65083
127703,205423
167806,137632
65247,258348
65306,258348
164091,128531
164091,270868
142114,128531
142114,135558
142114,236666
212892,260520
244277,96567
277111,96567
182350,122881
65705,272765
68791,16969
135565,203819
192861,137632
150372,258348
66079,87234
66107,65422
66107,176519
66143,137690
241053,68740
150887,68740
66544,258348
66734,88679
66734,137690
66734,232037
66777,62445
66777,236666
181055,32994
181055,159199
181055,224445
183586,143037
183586,208729
183586,259439
118000,143037
118000,259439
130524,143037
130524,259439
67114,84219
96772,90949
67269,13715
67269,137690
67269,143888
67269,213696
67269,249380
67269,278297
238652,230481
201832,220469
67320,137690
67320,200822
67320,232037
67349,272765
67409,101146
67409,224841
267294,83933
141541,94083
141541,110493
141541,137632
94083,137632
84291,81378
103387,204814
164740,89465
164740,204663
103872,232156
224082,231406
231406,224082
86618,28123
86618,72171
67898,16817
122335,277220
170857,109554
170857,217494
73890,265257
68053,925
68053,242284
166780,137632
166780,175568
265962,68137
279274,68137
240013,68137
176254,68137
123160,68137
93023,68137
68195,103187
184445,68357
68406,164206
68406,277098
68637,45087
68740,150887
68740,241053
241952,253568
269444,55680
198451,42527
88946,213785
260645,39581
260645,82103
68998,137632
68998,196487
69163,113673
69397,88679
69397,137690
69397,145329
69397,200822
69397,232037
69469,101146
69469,224841
85552,145347
236088,231363
69795,145892
116890,231363
69916,57607
69916,137690
92967,231363
171850,231363
274187,227900
227900,274187
79690,85907
85907,79690
150257,120406
170410,155857
150714,258348
70545,204233
204233,70545
77209,231363
70758,143037
70758,239760
70758,246536
70758,259439
77050,47830
86581,231363
71023,155857
95638,105271
222814,9168
222814,126672
222814,230413
145174,86706
86706,145174
76595,231363
166880,142924
76520,231363
272293,137632
74477,137632
166667,266778
221380,100960
221380,112042
221380,137690
221380,200822
221380,232037
71647,231363
71721,87313
87313,95968
71815,231363
75991,231363
71899,19786
71899,137632
235165,232264
97890,91999
72126,14949
72126,101146
72126,117892
98718,169833
72226,270771
75628,95363
96400,72263
236450,153843
216703,153843
135800,231363
220227,155258
155258,220227
97546,103525
72552,258348
72561,169627
118836,101146
118836,224841
72718,270771
117027,87834
117027,164792
97403,137690
97403,200822
97403,232037
133809,123575
83966,223305
72877,16441
79363,231363
83993,81617
83993,231363
101728,94870
101728,231363
72991,231363
73074,128105
128105,73074
254163,193207
254163,205183
248123,113673
73157,231363
73173,270771
73243,231363
78948,231363
73349,231363
73392,272108
93121,11105
207101,145347
207101,173462
93220,122903
78780,231363
73458,78775
78775,73458
84642,231363
168499,231363
73555,23178
248007,245022
73680,78556
78556,73680
129149,124816
109071,45087
139966,80524
185231,46789
100496,231363
74086,78216
78216,74086
74158,85300
85300,74158
100414,231363
245311,280918
102670,51662
74264,231363
74344,88679
74344,137690
85568,231363
94291,106474
85694,231363
236438,176519
74704,158174
158174,74704
99573,167641
77485,231363
183492,96567
74914,121724
121724,74914
74963,7432
86123,77315
161483,231363
264344,75063
165574,75063
173751,75063
143931,231363
126310,231363
75580,236666
180775,41481
180775,63374
180775,83790
180775,105216
180775,203313
180775,207333
144847,267550
75627,925
75627,242284
82446,87643
82446,231363
75815,143037
75815,259439
247203,271168
76094,144950
198917,90506
198917,183232
166450,275851
94649,185655
94649,275851
92666,217365
139061,148935
123237,143037
123237,259439
102651,231363
83024,231363
142033,91319
142033,137632
76473,258348
251158,113673
251158,238860
195582,137632
76666,137690
92097,76723
76787,9313
76787,114598
76787,164206
76787,277098
279043,130176
179903,76880
196597,76891
196597,128194
77021,88679
77021,137690
77021,232037
77062,249996
77114,274475
194889,24326
110821,28889
110821,110175
77315,86123
77396,249187
105879,90364
248977,74820
144104,94275
268216,110102
101870,7432
80141,222688
77963,118543
205423,127703
78066,145347
80316,231363
105240,231363
80459,85141
78319,14344
78319,229877
222070,148504
192341,231363
78418,232156
144340,88679
144340,137690
144340,161093
144340,200822
159604,137690
159604,161093
159604,200822
159604,232037
78725,205440
261499,276845
90134,11105
79021,26191
79021,255599
233905,113673
233905,121259
233905,238860
204133,258348
119453,54623
119453,128700
81707,134735
81712,21112
81712,48254
81712,99053
81712,172299
271361,124753
228161,239328
172379,231363
140564,88679
140564,137690
140564,200822
79786,2448
85778,281381
80021,81952
81952,80021
123052,63519
123052,93880
123052,168334
123052,202976
205373,88679
205373,112042
205373,137690
205373,161093
205373,200822
205373,232037
210361,137690
210361,161093
210361,200822
210361,232037
270123,231363
223430,83427
80425,83427
85141,80459
85164,231363
80483,88713
258089,80510
80524,139966
85058,223762
80795,70850
80964,89153
89153,80964
80980,137632
81012,101146
91132,204404
266199,143037
266199,259439
81258,83427
81258,141895
81310,167641
81378,84291
274601,81451
81496,141203
141203,81496
81616,231363
81617,83993
81617,231363
279700,19786
279700,137632
174163,180823
81859,137632
81861,143037
81861,259439
224493,202506
81903,132581
81919,231363
82060,107710
82073,184574
87915,231363
82185,137632
106572,96567
82270,73276
82270,137632
85954,9168
85954,126672
85954,165221
85954,230413
87643,82446
87643,95721
87643,231363
82604,231363
245265,250913
82820,113673
82820,250303
82847,272765
82908,18928
82908,253115
82937,231363
86690,12340
86690,20584
86690,228499
86690,245643
280550,109609
109609,280550
83157,17079
83157,264944
83157,277080
83159,53519
272083,253115
83190,68295
197080,143037
197080,259439
102230,8656
102230,281347
83301,91198
83301,231363
96890,171263
83366,167914
108238,168000
165776,258348
87294,101146
83759,258348
83828,42483
83828,96567
83828,118051
83828,172838
118051,96567
258128,212768
258128,274358
83890,231363
127368,98052
127368,145347
94808,231363
94591,231363
123730,137690
123730,200822
168786,145347
275678,231363
84398,159247
276330,137632
94173,231363
211145,133615
99651,74820
241227,72597
241227,204601
99443,270415
84953,101146
84953,204132
204132,101146
84969,88679
177060,84270
188183,84270
135911,231363
154875,83427
85216,168334
85469,105714
85532,258348
277495,89090
277495,148022
277495,169504
277495,260655
179255,89090
179255,148022
179255,169504
179255,260655
93110,90148
147736,80853
147736,126067
147736,127388
147736,134576
239795,2659
150110,118419
269154,101146
269154,224841
263962,228662
184646,231363
133054,231363
86810,270771
261185,258348
178962,258348
86877,68295
182608,27709
182608,162612
86940,272765
187756,42381
104585,258348
87099,137632
95991,231363
87380,82675
87380,128256
128256,82675
128256,87380
133729,87415
87421,28123
87421,127388
98268,90467
98268,236666
186314,180601
186314,220527
113183,64568
113183,98247
113183,144023
113183,154914
87615,272765
95721,87643
95721,231363
87658,258348
87672,143037
87672,182838
87672,259439
219658,112332
219658,257662
87793,258348
87920,128801
128801,87920
217907,206765
217907,232591
231811,83427
163159,36829
108734,128884
88399,270393
94870,101728
94870,231363
88495,269959
88497,104047
104047,88497
88578,204663
112809,110455
88612,250920
250920,88612
250920,271889
88785,163437
88785,206736
101561,143037
101561,259439
88935,130176
92470,137632
89062,68624
89102,88679
89102,137690
89102,200822
89102,232037
89126,104622
104622,89126
104701,231363
89190,70850
94010,231363
89412,5625
89412,238854
89442,231363
266878,21250
266878,70930
116037,257627
113938,231363
270865,2112
241450,2112
241450,163202
260263,96567
93461,231363
89862,231363
93260,222688
137767,231363
90148,93110
90172,137632
136516,96567
136516,121200
93093,231363
243554,145744
181710,145744
117802,137298
105782,231363
92960,231363
90364,105879
212654,137632
92822,7432
113975,96567
97124,231363
96926,231363
100260,10261
100260,146767
116692,143037
116692,259439
90949,96772
91080,88679
91080,137690
91080,161093
96631,231363
91090,96567
91090,138321
138321,96567
111366,231363
91150,270771
91214,200810
91221,231363
91262,52768
91499,206111
206111,91499
107364,199996
91525,95363
91632,231363
91692,143037
91692,259439
258429,36829
91797,29211
91797,58744
91797,83198
104922,44164
245500,105271
111400,148768
92300,270771
103525,97546
92440,137632
92440,265504
234797,244971
124977,74267
124977,137632
92615,137632
179869,243715
178788,243715
92665,270771
209406,81585
92732,258348
200450,143037
200450,259439
227907,231363
93056,82526
93056,116126
93056,137632
236344,171202
122903,93220
93279,14344
184449,45585
93500,101146
93582,132772
93582,241226
93582,245248
233197,235517
110384,228877
226478,55229
226478,62746
226478,167376
257285,96567
140348,96567
93840,258107
93936,175937
192884,9168
192884,126672
192884,230413
94113,205440
109937,231363
271461,245022
133002,57937
242855,94374
241826,94374
168843,94374
108871,94374
133626,94374
105728,94374
95676,94374
160226,84270
122150,53911
129058,94744
129058,205440
254481,11863
254481,79062
254481,159528
94999,96567
95113,258348
254721,113673
143048,113673
97623,95363
251009,33012
251009,104449
251009,198684
277176,33012
277176,104449
277176,198684
240827,105271
197878,96567
95603,270771
232168,146238
173522,74557
95995,57937
95999,270771
267159,251405
267159,251664
212238,925
212238,242284
170373,925
170373,242284
150315,202499
96075,258348
98525,231363
209389,137632
209389,182175
209389,226783
146068,34510
119672,110102
97176,272765
97294,258348
113174,7432
276598,280419
280419,276598
121759,231363
247268,34213
247268,137632
97855,258348
246825,159247
246825,195077
97975,258348
178680,113673
222190,178578
200480,178578
150829,120849
123468,270860
243659,17414
243659,90061
243659,137632
207052,152182
182234,137632
98653,65993
98653,137632
122761,110102
99002,277065
99080,143037
99080,259439
99216,258348
204720,162440
224056,137632
99403,113673
270415,99443
99529,80553
99747,137632
110844,85191
110844,164206
110844,269783
110844,277098
99794,49300
99794,115158
99794,175642
99794,254798
99836,148917
99836,178578
99967,141897
124033,258348
105535,116277
105535,231363
210950,129514
212571,111831
111831,212571
188613,59084
188613,164206
188613,269783
188613,277098
100172,9085
100358,270771
100451,101146
120180,116155
120180,231363
186351,223272
189526,198684
225213,231363
104323,231363
101395,231363
101419,111037
117279,113673
117279,233430
250207,137632
117194,231363
102005,35446
102005,234006
102124,137690
102124,143888
102124,278297
210836,261984
102266,258348
191236,117824
187220,143037
187220,259439
237454,88679
237454,100960
237454,137690
237454,232037
102769,272765
102785,137632
256163,261302
112830,254794
103143,73898
103143,254798
148777,231363
109264,147188
200611,50096
200611,265834
103386,175937
204814,139646
103426,137632
103426,228564
129514,210950
156128,103686
124921,258348
103789,174604
103862,117586
148935,139061
104392,256041
242734,137632
115597,231363
104648,42072
104648,156281
239341,227979
201828,231363
112612,65759
116838,88679
116838,137690
116838,200822
116838,232037
112481,126063
116247,120080
119316,209611
175685,213656
201417,128751
116277,105535
116277,231363
128664,2796
105931,68295
106075,137632
162886,231363
112572,231363
112537,231363
206450,35393
203348,258348
122027,231363
179734,205580
106799,149451
106799,254278
122348,231363
107180,231363
107215,180655
154384,245847
107308,134735
268940,231363
135924,258348
215065,259418
123723,138672
123723,143971
107789,270771
107918,74142
179805,96715
107978,231363
110852,231363
108205,231363
242840,112042
242840,137690
242840,145329
242840,200822
242840,232037
135052,137690
135052,145329
119844,272477
108297,35841
108297,72449
108297,92365
108297,131591
108297,197788
108297,206112
108297,245311
119528,231363
108630,137632
108785,109709
108824,210172
108849,231363
136142,139753
147188,109264
252293,113673
120391,231363
238479,214319
227094,109551
227094,118482
227094,149439
272372,84270
113590,231363
250947,113673
184975,113673
125176,137632
109862,143037
109862,239760
109862,246536
109862,259439
113348,84270
110052,143037
110052,259439
110057,157079
110085,221650
110184,137632
110218,231363
135018,140863
234722,96567
217450,137632
110421,84270
110421,113348
198818,146752
146752,82719
146752,198818
110455,112809
140698,88679
140698,137690
140698,161093
175645,231363
110915,68295
255465,231363
125857,258348
118419,150110
111959,258348
112034,71648
112034,158660
112109,231363
112188,270771
204563,112357
112375,176519
112426,270771
137017,231363
112601,54725
112802,143649
254794,112830
250631,7522
250631,70861
250631,110893
250631,228449
175378,7522
175378,70861
175378,110893
175378,228449
135106,7522
135106,70861
135106,110893
135106,228449
141063,231363
256849,8405
204855,8405
178922,127388
173290,33113
113295,120849
140637,135313
113355,258348
140531,231363
113587,118178
113587,149633
194822,7432
202659,208723
233036,237334
140309,231363
173001,137690
173001,200822
173001,232037
119337,232264
113985,8811
113985,128594
113985,180983
113985,275363
116155,120180
116155,231363
226986,258348
226986,266448
139700,84270
176600,262743
228652,117824
116940,231363
114848,143037
114848,259439
269718,117159
115274,143037
115274,259439
115279,270771
115527,176519
267780,281381
200823,268629
235873,277268
209412,277268
115732,191862
254615,231363
148392,137632
144917,281787
209312,137632
116205,124567
124567,116205
116239,122048
116239,181751
116239,204555
116267,178584
142252,146815
116375,270771
188022,143037
188022,259439
116528,231363
118789,137690
118789,145329
118789,200822
118789,232037
116718,270771
139214,169833
116968,57607
116968,137690
279760,231363
233430,215742
117295,153376
117359,89460
117483,143037
117483,239760
117483,246536
117483,259439
117501,281139
117528,63893
117528,147627
176082,19498
117760,231363
117767,189862
189862,117767
137298,117802
117990,258348
117993,67513
117993,210784
117993,227979
117993,250534
127182,16180
127182,232020
122664,231363
118394,126741
126741,118394
118440,90
118440,125139
118482,227094
118563,96567
118589,223046
243916,139649
118621,231363
193497,171263
208370,238630
157567,238630
119033,65053
280208,113673
119356,137417
119356,137632
159560,137632
253808,227132
227132,253808
162762,137632
119775,96567
210608,88679
210608,100960
210608,137690
210608,200822
126891,88679
126891,112042
126891,137690
126891,232037
199324,18369
232631,258348
120054,88679
120054,137690
120054,232037
186543,143091
120169,253115
167237,83427
152418,231363
120654,53014
120654,137632
120724,166662
127700,120849
120993,218163
121025,179291
261733,268951
121259,113673
121259,233905
121531,98490
149690,259246
121786,119489
121786,145347
126368,88679
126368,137690
179073,258348
122016,182063
182063,122016
188452,169833
122198,33177
219307,83427
156417,83427
122702,137632
122860,28123
122880,15852
122880,135431
122880,246257
122880,266277
122881,182350
173249,96567
134270,138006
134364,11105
123097,9085
127140,165075
127140,197703
130781,231363
159084,120849
217768,250049
123575,133809
258942,27426
130322,231363
143971,45767
130239,231363
129776,231363
124228,258348
124283,254798
124291,270771
139753,136142
139968,231363
140165,91999
245487,231363
124767,236666
124816,129149
125000,175937
125031,68295
125047,74267
125047,137632
125047,193899
125047,262762
125047,280287
190936,96567
164640,265190
209495,57937
125243,33113
125332,231363
140912,231363
141600,82719
128486,231363
140863,135018
278933,235487
162378,113673
172890,47094
136865,231363
201915,154778
154778,201915
137055,231363
132243,231363
132209,231363
161977,110102
131671,231363
131625,231363
126869,231363
126965,137632
209022,113673
209022,250303
127060,258348
232020,16180
232020,79639
232020,127182
127228,137632
127258,231363
127391,258487
127459,137632
269230,231363
176889,44118
269856,276402
276402,269856
162221,143037
162221,259439
270422,21256
127839,242437
130508,231363
130505,231363
180823,174163
139053,47830
227554,143037
227554,259439
128119,234008
156184,57937
156184,128393
217180,238466
135313,140637
188834,137632
128857,74361
138764,231363
129114,137632
192698,87834
192698,164792
160725,87834
160725,164792
153030,87834
153030,164792
129319,137632
129582,179325
179325,129582
246194,175937
251045,231363
156400,99726
156400,136929
164798,171472
129846,254970
149915,255389
149636,96567
151677,34213
151677,137632
151677,169151
266476,7621
266476,145892
279046,48533
279046,79433
279046,171709
161868,231363
131312,168001
168001,131312
131553,90624
175137,231363
132070,137632
132109,101146
134407,231363
175510,235089
132299,205332
201336,54225
194974,136369
132647,136728
223547,272477
269468,88679
269468,137690
269468,161093
269468,200822
269468,232037
268234,88679
268234,137690
268234,232037
225034,88679
225034,137690
225034,161093
225034,200822
225034,232037
132868,7442
132868,22582
132906,96567
231335,180343
133056,270771
133109,219781
257968,258348
203772,258348
196723,258348
133561,137632
169768,26438
223905,148555
133882,137690
133882,187821
133902,113673
134207,270771
141445,77398
134688,236666
135003,268225
264859,159722
135287,270771
165656,143037
165656,259439
135506,272765
215555,135736
152300,135736
161974,153317
153317,161974
135830,22479
135830,75363
135830,192791
136252,277065
259249,136728
160291,143037
160291,259439
239276,137632
239276,207326
136966,14378
136966,29350
136966,65321
136966,93754
136966,135330
137275,270771
170528,88679
170528,137690
170528,145329
170528,200822
244971,234797
263808,143037
263808,259439
244253,141886
141886,244253
231160,103638
231160,137632
252827,113673
216275,138006
138157,68295
281824,88679
281824,137690
281824,187821
281824,232037
281824,265135
138290,88679
138290,137690
138290,232037
183120,231363
161029,205440
205580,179734
139311,36829
139339,28123
139339,127388
153694,231363
139730,258348
224038,139921
224038,198684
184814,178800
178800,184814
255361,140131
172051,113673
161010,231363
140596,24515
140596,219763
147670,231363
147652,231363
165067,232264
169418,231363
147547,231363
151590,231363
141703,68295
141706,183637
141716,231363
200627,231363
180287,231363
142135,231363
251107,142140
182082,142140
142229,259500
259500,142229
146815,142252
142269,231363
142334,157667
157667,142334
201550,231363
142380,236666
146657,84642
146657,231363
176508,258348
237416,143037
237416,259439
146221,231363
146217,231363
142884,72182
142884,86839
142884,204651
142974,168107
168107,142974
258637,231363
186501,155928
143091,186543
201884,95363
143176,272765
145795,231363
143356,134735
154470,231363
143504,52614
149823,231363
149718,231363
149439,227094
144014,169984
163726,205900
144186,205440
144221,231363
171146,231363
149065,231363
219471,113673
219471,238860
202195,145068
144392,137632
144589,231363
148848,134735
148741,231363
144782,34027
144782,232353
144794,175937
266448,226986
266448,258348
144921,118178
144921,149633
144946,211899
211899,144946
144948,168429
145010,95363
148270,194129
148270,231363
145510,137632
145510,193813
148006,182115
145540,154726
232839,137632
232839,193263
160758,140066
145883,248431
196227,231363
223806,139669
156280,231363
146869,225437
179763,137632
153672,231363
147389,84270
147412,17046
147412,225641
151175,137632
147453,248166
172352,231363
251232,227979
169673,205332
150066,156418
176007,231363
194129,148270
194129,231363
148358,137632
148504,222070
272055,175937
238660,8628
148792,60419
148978,270771
269585,84270
257736,278302
188014,192862
192862,188014
245386,52614
149310,113673
174787,171472
149673,270771
260513,95363
209168,231363
156418,150066
256031,232888
150147,224643
150239,231363
195004,137632
195004,150555
155825,231363
150641,231363
188178,172941
209849,231363
151071,137632
151109,270771
151224,160259
151236,171114
171114,151236
151365,231363
151449,137632
151464,29348
198773,210520
216040,88679
216040,112042
216040,137690
216040,200822
169151,34213
169151,137632
169151,151677
151742,174715
174715,151742
151805,272765
154493,63500
175358,229513
152182,207052
245827,120849
162962,231363
152379,57937
152450,165699
152560,157079
162723,231363
152777,258348
152781,258348
157893,231363
162277,231363
153090,270771
153567,231363
153590,270771
194039,183547
153998,143037
153998,259439
154011,137690
156545,231363
154333,231363
165166,231363
170722,178510
204623,211130
204623,231363
184425,77776
184425,209308
184425,235105
205346,231363
155211,202273
202273,155211
155315,96836
164379,231363
241928,137690
241928,145329
241928,187821
241928,232037
155684,88679
155684,137690
155684,145329
155684,187821
155684,200822
155627,117824
188978,72909
188978,109379
188978,113869
188978,161745
188978,174675
188978,191907
188978,193540
188978,204330
188978,210386
188978,230597
188978,241896
188978,255194
188978,275034
171685,8628
188915,258348
206200,151365
206200,231363
231806,258348
155928,186501
173875,205440
219026,137632
156751,84406
156798,176519
202934,231363
157081,137632
166850,95363
157479,270771
203392,231363
157537,272765
157629,236666
203725,207653
240723,221650
232301,88679
232301,137690
232301,161093
232301,200822
169372,137690
169372,232037
158026,198549
198549,158026
198549,238711
158285,67513
158285,210784
158285,227979
158285,250534
158358,169179
169179,158358
158367,17165
158552,68295
158680,68295
250032,70264
158804,262186
158804,266598
158804,272966
158814,925
158814,242284
158846,231363
159131,137632
174830,231363
164712,171267
159717,139235
189105,231048
238249,258348
225115,119137
224618,258348
278509,102117
160382,112038
278302,257736
169662,228044
160684,198684
217465,211463
217465,231363
172077,61403
180903,231363
163684,101119
163684,107286
161154,59813
161154,171937
161391,231363
161526,231363
161552,198684
172903,231363
166508,231363
162198,231363
162345,227979
166082,231363
162670,134735
162747,270771
162957,36829
163113,231363
163202,2112
231636,137632
163689,270771
205900,163726
198720,258348
164021,199112
193578,178510
164327,206338
171267,164712
171472,164798
171472,174787
237140,137632
252462,78160
252462,88679
252462,98783
252462,137690
228097,78160
228097,88679
228097,137690
228097,232037
193649,137690
193649,200822
208838,78160
208838,88679
208838,137690
208838,200822
208838,232037
231048,189105
165533,272477
165563,68295
165669,57607
165669,137690
165669,143888
165669,187821
168006,231363
166007,133747
166007,224643
168485,231363
276116,258348
191679,40111
191679,56894
191679,62096
191679,79690
191679,85907
191679,171380
191679,212435
191679,227900
191679,274187
264122,257853
169194,231363
189886,231363
167355,270771
278210,231363
227562,231363
173659,231363
173649,231363
189560,270102
189560,270753
247626,28123
247626,127388
168205,113673
168205,250303
168207,270771
192477,231363
168678,89037
168678,91618
168816,137690
168816,247394
172941,188178
242445,272477
249688,175915
217764,244452
227880,112042
227880,137690
227880,232037
270668,231363
169522,258348
232645,137632
169871,143037
169871,259439
170186,17046
170186,225641
213627,104700
175943,64693
170757,36829
170849,127727
170914,231363
171858,113673
171858,251158
174879,231363
171783,205452
171783,210321
172043,194693
172703,270771
173034,137690
173034,143888
173112,270771
212056,6057
173419,272765
173519,272765
173555,117824
194591,231363
174047,248166
189227,231363
270054,265164
174507,128393
174607,22969
253198,137632
211480,175067
175091,270771
242244,36829
267952,188116
268790,258348
229513,175358
175802,137690
175802,249380
193396,62384
176615,68295
176714,67513
176714,210784
176714,227979
176714,250534
176975,114598
176975,140017
177102,258348
177158,182115
253302,137632
181787,231363
177613,236666
177722,231363
276181,94374
177821,270771
181441,231363
177946,258348
178157,231363
178266,270771
178267,2112
181062,231363
265798,182115
178488,184232
184232,178488
178538,270771
178572,8000
253950,231363
183547,194039
179074,270771
179123,189905
189905,179123
179529,88679
179529,98783
179529,137690
223726,231363
179619,231363
202218,16969
199105,137632
183767,231363
179995,231363
180014,190860
190860,180014
180179,137632
183400,190961
180313,205088
205088,180313
270020,68295
180333,272765
219840,32994
219840,159199
219840,224445
183044,231363
180570,270771
181063,270771
202512,203748
202512,239970
232485,137632
200731,231363
187758,193113
181523,227979
268530,252860
188447,89168
207455,231363
182075,86447
207356,231363
198954,241224
216033,137632
216033,190077
189240,231363
199761,60156
183454,143037
183454,239760
183454,246536
183454,259439
210591,228877
183486,68295
208729,143037
208729,259439
210426,231363
183631,236666
185878,231363
210317,231363
183834,270771
265041,263886
264274,22013
209454,231363
184782,270771
276551,100849
261009,100849
189899,100849
238130,231363
214692,231363
220051,245324
213797,231363
190238,199421
190238,231363
186388,211003
186392,137690
186392,213696
186392,249380
187054,67513
187054,210784
187054,227979
187054,250534
193232,231363
193113,187758
187768,88679
187768,137690
187768,200822
187788,7113
187829,68295
188075,155857
188094,231363
188148,231363
192544,231363
188520,270771
188534,68295
188608,231363
188682,106363
196553,231363
189134,233286
233286,189134
189378,67513
189378,210784
189378,227979
189378,250534
189428,143037
189428,259439
201026,227979
199695,194366
199421,190238
199421,231363
240853,143037
240853,239760
240853,246536
240853,259439
190555,270771
271889,250920
202298,231363
191710,113673
207892,192285
201720,231363
269659,231363
193027,137690
193027,155364
193065,272765
214861,143037
214861,259439
200487,95363
227579,7432
229453,143037
229453,259439
200014,206470
194180,101146
194180,224841
199742,207128
194366,199695
199694,231363
210088,258348
194545,137690
194645,68295
200603,17046
200603,225641
232394,101146
231169,101146
199192,231363
240309,231363
195129,278376
198857,231363
195312,181989
198668,231363
269484,57937
195481,143037
195481,259439
195516,270771
198418,231363
195643,270771
209480,140041
195899,68295
195909,114598
195909,140017
195926,68295
203211,231363
196194,270771
196404,213771
196776,231363
207653,203725
201498,95363
201498,203717
196886,231363
201347,231363
279199,137632
197238,101146
197238,224841
197338,47251
197338,137690
197338,270191
197338,278297
197477,88679
197477,112042
197477,137690
197477,232037
197584,272765
208419,231363
238589,231363
197785,270771
197987,7621
208942,95363
204787,231363
238711,198549
205190,210583
198829,22180
198837,137632
199128,53769
199128,99396
199128,178390
199128,192671
265559,231363
260904,176519
207128,199742
245261,231363
206470,200014
200159,137632
200159,211464
200159,257470
215492,231363
202956,231363
202047,137632
201329,270771
203717,95363
203717,201498
204094,231363
202363,8405
202506,224493
202950,68295
254929,925
254929,242284
203311,270771
207830,231363
203576,270771
231207,231363
204579,231805
231805,204579
223906,83427
257585,230847
257585,266952
266887,221392
205762,174066
206080,143037
206080,259439
206588,137690
232072,24808
207499,198684
208227,12392
208227,15005
208227,60445
208227,101146
208710,143037
208710,259439
236009,231363
250320,137632
249627,20199
209676,68295
209722,272765
209809,205440
209879,160259
209910,68295
210259,143649
210478,143037
210478,259439
253132,210750
210852,143037
210852,259439
211384,231363
211384,261501
261501,211384
261501,231363
217496,224099
211463,217465
211463,231363
258216,30394
217409,231363
211668,270771
217166,231363
211835,95363
212080,271829
271829,212080
246811,258348
232239,9085
212420,70672
212475,64693
212521,140817
228188,231363
228267,14344
228267,221650
212978,231363
241943,117824
215588,231363
213509,95363
242079,231363
213597,231363
213825,231363
214039,258348
214067,270771
214235,231363
214659,137632
214659,196487
225463,221146
221146,225463
214784,45585
214811,231363
240475,245863
214957,270771
226073,231363
215014,270771
270344,95363
215389,217917
217917,215389
216169,270771
232496,137632
216686,265745
216766,270771
242714,95363
217468,8250
224099,217496
268605,231363
250049,217768
219820,175937
265164,270054
220877,231363
228979,258850
265212,270038
218981,84219
245178,231363
221820,231363
219937,231363
219945,137632
245324,220051
223893,143037
223893,151161
223893,259439
223893,264253
220337,114598
220337,140017
264166,231363
264166,257774
230450,161526
230450,231363
230347,231363
230369,57937
229919,234440
221176,57607
221176,137690
280773,231363
221300,83427
225261,275741
221438,45585
281608,231363
267412,137632
267412,144545
269555,258348
228508,231363
228506,231363
222759,211411
274436,137632
223102,198033
223120,196607
278458,231363
223340,270771
227427,231363
261069,137690
227313,231363
226798,193332
224531,109453
224591,195143
275686,231363
231205,24307
231205,45125
231205,101146
231205,197238
231205,224841
235006,231363
275741,225261
277648,124303
233240,231363
226879,258348
237361,231344
237361,231363
227100,270771
237076,189765
237076,231363
237076,231651
241022,57607
241022,88679
241022,112042
241022,137690
241022,200822
241022,232037
274843,227768
227869,280776
274125,231363
258850,228979
229135,272765
229288,83879
229288,98905
229288,112606
229288,113311
229288,139170
229288,175351
229288,181891
229288,231146
229385,176519
245070,89168
229768,254140
254140,229768
234440,229919
230008,272765
230577,270771
230645,95363
231063,99403
231063,113673
231063,172051
242198,231363
231344,231363
231344,237361
242601,231363
239332,231363
231651,231363
231651,237076
231724,72182
231724,86839
231724,204651
231819,68295
232599,137632
232015,231363
232060,175937
243212,134735
254775,276631
232313,143037
232313,259439
232646,270771
233118,270771
235517,233197
272568,553
233878,272765
233943,270771
249256,234153
240793,95363
241135,231363
234939,68295
235799,272765
236717,163759
238994,231363
237089,270771
269813,231363
262901,231363
238626,175937
238745,57607
238745,137690
244375,8250
238846,144036
264000,231363
239871,231363
270913,231363
245863,240475
274186,137632
241494,231363
241518,270771
251737,137632
242639,270771
242851,165699
243057,272765
243145,219795
243293,272477
243682,270771
243922,143037
243922,259439
244216,270771
244232,137690
244232,187821
263497,221650
271838,221650
245056,137690
245056,249380
245877,270771
246429,9248
246429,72915
246708,37092
262379,95363
252744,231363
246983,231363
247711,231363
251857,95363
247751,263458
263458,247751
251554,231363
251165,231363
273279,231363
276989,231363
249178,276975
276975,249178
254637,231363
276572,231363
249396,260573
260573,249396
260573,256854
260922,139884
254066,70850
261298,231363
253738,256028
261561,255894
265932,244711
250853,231363
250853,262100
262100,231363
262100,250853
257888,231363
251519,57937
251852,258348
251859,132175
251859,145188
252471,236666
252534,205332
252718,167291
252933,270771
253306,137632
255638,231363
255638,253405
255836,261660
256028,253738
254196,272765
280332,231363
280060,231363
254915,148773
255421,205332
255715,270771
266267,231363
261660,255836
255894,261561
255988,104234
256070,175937
256088,6057
261302,256163
256217,223226
256722,175937
256854,260573
256948,270771
265578,48867
265578,137632
257774,231363
257774,264166
258167,270771
267648,231363
261810,84219
258962,198684
268311,205440
262405,270771
263365,275959
270309,231363
270120,231363
265140,231363
265192,29145
274943,231363
265554,272765
274184,173748
281093,231363
266249,270771
266417,137690
277875,231363
271851,231363
279123,231363
279254,234732
271113,231363
269179,59696
269179,92202
269179,126395
270105,26191
270105,255599
277788,20206
277788,205332
277788,267584
276744,28123
276744,31789
271148,175937
271618,181989
273863,231363
272327,270771
274772,95363
273775,57607
273775,137690
274178,110102
274204,228641
276819,270771
277647,32994
277647,159199
277647,224445
278480,68295
278928,145399
278928,229790
279453,68295
281318,270771
